twitter_user_id,twitter_screen_name,twitter_name,twitter_location,twitter_description,twitter_followers_count,twitter_friends_count,twitter_created_at,twitter_verified,twitter_lang,twitter_profile_image_url,date_crawled
46376581,ashrafghani,"Ashraf Ghani","Kabul, Afghanistan","President of the Islamic Republic of Afghanistan. Personal tweets from Dr. Ashraf Ghani are signed - AG.",299125,17,"Thu Jun 11 12:34:40 +0000 2009",1,en,http://pbs.twimg.com/profile_images/752424086526169090/eSgvsEMc_normal.jpg,"2017-05-18 16:06:10"
2870463431,afgexecutive,"Dr. Abdullah",Kabul,"This is the official account of Dr. Abdullah Abdullah the Chief Executive of the Islamic Republic of Afghanistan.",100547,1,"Mon Nov 10 12:03:32 +0000 2014",1,en,http://pbs.twimg.com/profile_images/598755190963974144/j5FdHBea_normal.jpg,"2017-05-18 16:07:10"
273410176,ediramaal,"Edi Rama","Tirane - Shqip√´ri","Faqja Zyrtare e Kryeministrit t√´ Republik√´s s√´ Shqip√´ris√´",286570,285,"Mon Mar 28 12:53:15 +0000 2011",1,en,http://pbs.twimg.com/profile_images/529591825829347329/PhWoRpmd_normal.jpeg,"2017-05-18 16:08:11"
2416157107,AmSellal,"Abdelmalek Sellal",Alg√©rie,"Compte officiel de Mr Abdelmalek Sellal",27289,15,"Fri Mar 28 16:28:17 +0000 2014",,fr,http://pbs.twimg.com/profile_images/449587999659921408/oFL9-lY2_normal.jpeg,"2017-05-18 16:09:11"
122452959,GovernAndorra,"Govern d‚ÄôAndorra",Andorra,"El twitter del Govern d'Andorra, un espai informatiu i de servei p√∫blic per estar en contacte amb el ciutad√†.

Visita el nostre web:",12222,2505,"Fri Mar 12 19:23:40 +0000 2010",,ca,http://pbs.twimg.com/profile_images/748767129/escut_Govern_facebook_normal.gif,"2017-05-18 16:10:12"
24900072,mauriciomacri,"Mauricio Macri","Buenos Aires, Argentina","Presidente de la Rep√∫blica Argentina. Miembro fundador de PRO Argentina y Cambiemos. Casado. 4 hijos. Hincha de Boca.",3889077,642,"Tue Mar 17 15:42:21 +0000 2009",1,es,http://pbs.twimg.com/profile_images/653558348273569792/joxg8DZD_normal.png,"2017-05-18 16:11:13"
776750995313491968,armenia,"Armenia üá¶üá≤",Armenia,"Official twitter account of the Republic of Armenia, maintained by the MFA Press Department (See also: @MFAofArmenia)",3688,60,"Fri Sep 16 11:54:03 +0000 2016",1,en,http://pbs.twimg.com/profile_images/824892416133996544/I9pkGBIQ_normal.jpg,"2017-05-18 16:12:13"
16734909,TurnbullMalcolm,"Malcolm Turnbull","Sydney, NSW, Australia","Prime Minister of Australia and Federal Member for Wentworth. retweet is not an endorsement",837982,4487,"Tue Oct 14 07:18:41 +0000 2008",1,en,http://pbs.twimg.com/profile_images/378800000223732312/cd2615bfb2898972fc2cf9d8d2b9b9ef_normal.jpeg,"2017-05-18 16:13:14"
4502695341,vanderbellen,"A. Van der Bellen",,"Offizieller Twitter-Account des √ñsterreichischen Bundespr√§sidenten Alexander Van der Bellen. Gezwitschert wird von Pressesprecher Reinhard Pickl-Herk und Team.",61439,262,"Wed Dec 16 12:16:40 +0000 2015",1,de,http://pbs.twimg.com/profile_images/847767471843049472/TpBRVnRQ_normal.jpg,"2017-05-18 16:14:15"
270564264,KernChri,"Christian Kern","Wien, √ñsterreich","Bundeskanzler der Republik √ñsterreich - twittere ausschlie√ülich pers√∂nlich.",44415,162,"Tue Mar 22 21:15:05 +0000 2011",1,de,http://pbs.twimg.com/profile_images/778200868848070656/WtegxKc6_normal.jpg,"2017-05-18 16:15:15"
143742312,presidentaz,"Ilham Aliyev","Baku, Azerbaijan","Official twitter channel of the President of the Republic of Azerbaijan - Ilham Aliyev.",295975,2,"Fri May 14 08:19:48 +0000 2010",1,en,http://pbs.twimg.com/profile_images/822699273640931329/hRayPD2G_normal.jpg,"2017-05-18 16:16:16"
2299757126,HubertAMinnis,"Dr. Hubert A. Minnis",Bahamas,"Opposition Leader of the Free National Movement and Member of Parliament for Killarney. Personal tweets will end with - HM #ANewBahamas",1018,35,"Sun Jan 19 14:13:57 +0000 2014",,en,http://pbs.twimg.com/profile_images/643584865598865408/U-Es7_9W_normal.jpg,"2017-05-18 16:17:16"
251731458,moi_bahrain,"Ministry of Interior",Bahrain,"The Official account of the Ministry of Interior of the Kingdom of Bahrain",393760,15,"Sun Feb 13 18:53:29 +0000 2011",1,en,http://pbs.twimg.com/profile_images/1243384164/MOI_LOGO2_normal.jpg,"2017-05-18 16:18:17"
59495763,sheikhhasina,"Sheikh Hasina","Dhaka, Bangladesh","I am the Prime Minister of Bangladesh.",30410,4,"Thu Jul 23 15:29:15 +0000 2009",,en,http://pbs.twimg.com/profile_images/328304723/hasina_normal.jpg,"2017-05-18 16:19:17"
98639150,CharlesMichel,"Charles Michel",Belgium,"Premier Ministre de Belgique / Eerste Minister van Belgi√´ / Premierminister von Belgien",138424,5298,"Tue Dec 22 13:55:32 +0000 2009",1,fr,http://pbs.twimg.com/profile_images/732577348508340224/P8HnltSv_normal.jpg,"2017-05-18 16:20:18"
4513836633,patrice_talon,"Patrice Talon",Benin,"Compte twitter de Patrice Talon.
Candidat √† l'√©lection pr√©sidentielle du #B√©nin / #Talon2016",3373,43,"Thu Dec 17 12:47:12 +0000 2015",,fr,http://pbs.twimg.com/profile_images/677471052499390464/GaYcKoMu_normal.jpg,"2017-05-18 16:21:19"
37869117,tsheringtobgay,"Tshering Tobgay",Bhutan,PM,67345,222,"Tue May 05 06:00:44 +0000 2009",1,en,http://pbs.twimg.com/profile_images/481063388596801538/WHXsJWgc_normal.jpeg,"2017-05-18 16:22:20"
720786569792253952,evoespueblo,"Evo Morales Ayma",Bolivien,"Presidente del Estado Plurinacional de Bolivia.",173117,5,"Fri Apr 15 01:31:24 +0000 2016",1,es,http://pbs.twimg.com/profile_images/721003588919640064/mG0g1mmc_normal.jpg,"2017-05-18 16:23:20"
801495692447514624,MladenIvanic,"–ú–ª–∞–¥–µ–Ω –ò–≤–∞–Ω–∏—õ","Bosnien und Herzegowina","The official acc. of the B&H Presidency Chairman, @PDP_RSrpska Hon. President | –ó–≤–∞–Ω–∏—á–Ω–∏ –Ω–∞–ª–æ–≥ –ü—Ä–µ–¥—Å—ò–µ–¥–∞–≤–∞—ò—É—õ–µ–≥ –ü—Ä–µ–¥—Å—ò–µ–¥–Ω–∏—à—Ç–≤–∞ –ë–∏–•, –ø–æ—á–∞—Å–Ω–æ–≥ –ø—Ä–µ–¥—Å—ò–µ–¥–Ω–∏–∫–∞ –ü–î–ü-a",0,0,"Wed Nov 23 18:40:38 +0000 2016",,en,http://pbs.twimg.com/profile_images/801729023449632768/xKhohYhu_normal.jpg,"2017-05-18 16:24:21"
39591928,MichelTemer,"Michel Temer","Bras√≠lia, Brasil","Presidente da Rep√∫blica",771676,587,"Tue May 12 20:47:53 +0000 2009",1,pt,http://pbs.twimg.com/profile_images/771059448202797056/ZVcmyBmU_normal.jpg,"2017-05-18 16:25:22"
824273553394728968,PresidentOfBg,President.bg,"Sofia, Bulgaria","–†—É–º–µ–Ω –†–∞–¥–µ–≤ - –ü—Ä–µ–∑–∏–¥–µ–Ω—Ç –Ω–∞ –†–µ–ø—É–±–ª–∏–∫–∞ –ë—ä–ª–≥–∞—Ä–∏—è/Rumen Radev - President of the Republic of Bulgaria.

This account is maintained by the President's team.",2206,139,"Wed Jan 25 15:11:44 +0000 2017",,en,http://pbs.twimg.com/profile_images/836926365245001732/pVYhjHnw_normal.jpg,"2017-05-18 16:26:22"
729774664415891456,KabaThieba,"Paul Kaba THIEBA","Burkina Faso","Premier Ministre du  Burkina Faso",868,198,"Mon May 09 20:46:53 +0000 2016",,fr,http://pbs.twimg.com/profile_images/771380460681396225/FFaQ58Vc_normal.jpg,"2017-05-18 16:27:22"
478038456,pnkurunziza,"Pierre Nkurunziza",Burundi,"N√© √† Ngozi en 1964. Pr√©sident de la R√©publique du #Burundi. B√©ni d‚Äô√™tre Burundais. Rends gr√¢ce au Seigneur. Mes tweets sont sign√©s PN",48228,12,"Sun Jan 29 20:55:14 +0000 2012",1,fr,http://pbs.twimg.com/profile_images/562813298027298816/U43_TFbs_normal.jpeg,"2017-05-18 16:28:23"
157476332,hunsencambodia,"Hun Sen",Kambodscha,"Prime Minister of Cambodia",706,0,"Sat Jun 19 23:21:40 +0000 2010",,en,http://pbs.twimg.com/profile_images/446333810372661248/lmoWdLUu_normal.jpeg,"2017-05-18 16:29:24"
298655201,paulbiyareports,"PAUL BIYA",Cameroon,"Paul Biya 
Date of Birth : 13 February 1933 
Birth Place: Mvomeka'a, Cameroon 
Arrival in Power : 1982
Religion: Roman Catholic 
Profession: Politician
.",1587,1426,"Sat May 14 18:03:05 +0000 2011",,en,http://pbs.twimg.com/profile_images/1642100460/PAUL_BIYA_normal.jpg,"2017-05-18 16:30:24"
301026859,PR_Paul_Biya,"President Paul Biya",Yaound√©,"Page officielle du Pr√©sident de la r√©publique du Cameroun / The official Page of the Head of State of  Cameroon",150596,16,"Wed May 18 19:09:10 +0000 2011",,en,http://pbs.twimg.com/profile_images/494451373396611072/pOOKc53J_normal.jpeg,"2017-05-18 16:31:25"
164418122,GGDavidJohnston,"David Johnston","Rideau Hall","28th Governor General of Canada and Representative of Her Majesty The Queen / 28e gouverneur g√©n√©ral du Canada et repr√©sentant de Sa Majest√© la Reine",42773,105,"Thu Jul 08 20:53:17 +0000 2010",1,en,http://pbs.twimg.com/profile_images/677242791165083653/BfxZKieg_normal.jpg,"2017-05-18 16:32:25"
14260960,JustinTrudeau,"Justin Trudeau",Papineau,"Account run by the 23rd Prime Minister of Canada and staff‚Ä¶ Compte g√©r√© par le 23e premier ministre du Canada et personnel.",3161130,961,"Sun Mar 30 21:04:14 +0000 2008",1,en,http://pbs.twimg.com/profile_images/816404989392211968/Wv_8ZDrX_normal.jpg,"2017-05-18 16:33:26"
345455857,Jorgecfonseca,"Jorge Carlos Fonseca","14.906777,-23.519441","Canal do Candidato a presid√™ncia da republica de Cabo Verde no twitter. Not√≠cias, agenda, e declara√ß√µes pol√≠ticas.",309,57,"Sat Jul 30 16:42:13 +0000 2011",,en,http://pbs.twimg.com/profile_images/1469496944/zona.inst2_normal.jpg,"2017-05-18 16:34:27"
2364531150,ID_Itno,"Idriss D√©by Itno",,"Pr√©sident de la R√©publique du Tchad, Chef des arm√©es et Homme politique.",1378,0,"Thu Feb 27 18:36:17 +0000 2014",,fr,http://pbs.twimg.com/profile_images/439111278380843008/tUQNG3-w_normal.jpeg,"2017-05-18 16:35:27"
4119914644,mbachelet,"Michelle Bachelet","Santiago, Chile","Presidenta de Chile",93561,117,"Thu Nov 05 14:20:16 +0000 2015",1,es,http://pbs.twimg.com/profile_images/824343903776239616/Fiux2ToR_normal.jpg,"2017-05-18 16:36:28"
64839766,JuanManSantos,"Juan Manuel Santos",Colombia,"Presidente de Colombia",4846049,1685,"Tue Aug 11 22:07:56 +0000 2009",1,en,http://pbs.twimg.com/profile_images/855103734724145152/_nen6lMn_normal.jpg,"2017-05-18 16:37:29"
2402893568,Azali_Assoumani,"Azali Assoumani",Moroni,"Azali Assoumani, ancien Pr√©sident de l'Union des Comores et candidat aux √©lections pr√©sidentielles de 2016. 
Ce compte est g√©r√©  par le comit√© de soutien-France",230,119,"Sat Mar 22 07:55:32 +0000 2014",,fr,http://pbs.twimg.com/profile_images/705182399718629376/s52GzRnA_normal.jpg,"2017-05-18 16:38:29"
2523755972,RDCJosephKabila,"Joseph Kabila",Kinshasa,"Compte officiel du Pr√©sident de la R√©publique D√©mocratique du Congo.",6736,10,"Mon May 26 00:31:01 +0000 2014",,en,http://pbs.twimg.com/profile_images/470729207941578753/-tBZ5lX-_normal.jpeg,"2017-05-18 16:39:30"
805760755819810816,BrunoTshibala,"Bruno Tshibala","Congo, R√©publique D√©mocratique","Homme Politique de Gauche, Premier Ministre de la RDC, Secr√©taire G√©n√©ral Adj de l'UDPS/ Porte-parole du RassOpp",2280,231,"Mon Dec 05 13:08:29 +0000 2016",,fr,http://pbs.twimg.com/profile_images/805765432821039104/0oJKafEa_normal.jpg,"2017-05-18 16:40:30"
1106069527,SassouCG,"Denis Sassou Nguesso",Brazzaville,"Compte Twitter Officiel du Pr√©sident de la R√©publique du Congo",15041,2,"Sun Jan 20 11:53:58 +0000 2013",,fr,http://pbs.twimg.com/profile_images/698201210864668673/whR_aszN_normal.png,"2017-05-18 16:41:31"
809779125435174912,ClementMouamba,"Cl√©ment Mouamba","Brazzaville, Congo","Premier Ministre",574,421,"Fri Dec 16 15:16:03 +0000 2016",,fr,http://pbs.twimg.com/profile_images/820960835614949378/3xHo3pgR_normal.jpg,"2017-05-18 16:42:32"
524571803,luisguillermosr,"Luis Guillermo Sol√≠s","Costa Rica","Primer Servidor de la Rep√∫blica de Costa Rica 2014 - 2018",259862,1652,"Wed Mar 14 17:48:03 +0000 2012",1,es,http://pbs.twimg.com/profile_images/654349989536100352/RosR4Trf_normal.jpg,"2017-05-18 16:43:32"
2190798482,AndrejPlenkovic,"Andrej Plenkoviƒá",,"Predsjednik Vlade Republike Hrvatske (@VladaRH), Predsjednik HDZ-a (@HDZ001).",11399,978,"Tue Nov 12 18:07:32 +0000 2013",1,en,http://pbs.twimg.com/profile_images/795967732873392128/a_dS0yW8_normal.jpg,"2017-05-18 16:44:33"
291220589,RaulCastroR,"Ra√∫l Castro Ruz",Cuba,"Discursos y noticias de Ra√∫l Castro, Primer Secretario del @PartidoPCC y Presidente del Consejo de Estado y de Ministro de Cuba publicadas en @Cubadebate",241702,36,"Sun May 01 17:06:49 +0000 2011",,es,http://pbs.twimg.com/profile_images/575693505932083200/6H_KwHGB_normal.jpeg,"2017-05-18 16:45:33"
568981074,AnastasiadesCY,"Nicos Anastasiades",Cyprus,"ŒùŒØŒ∫ŒøœÇ ŒëŒΩŒ±œÉœÑŒ±œÉŒπŒ¨Œ¥Œ∑œÇ, Œ†œÅœåŒµŒ¥œÅŒøœÇ œÑŒ∑œÇ ŒöœÖœÄœÅŒπŒ±Œ∫ŒÆœÇ ŒîŒ∑ŒºŒøŒ∫œÅŒ±œÑŒØŒ±œÇ/ President of the Republic of Cyprus; see also @CYpresidency",61859,148,"Wed May 02 07:53:00 +0000 2012",1,en,http://pbs.twimg.com/profile_images/572695824639868928/hPf2L7QB_normal.jpeg,"2017-05-18 16:46:34"
